{
	"info": {
		"_postman_id": "3d71fa2a-1986-4310-8bb8-4262c63e75e1",
		"name": "Books",
		"schema": "https://schema.getpostman.com/json/collection/v2.1.0/collection.json",
		"_exporter_id": "24314844"
	},
	"item": [
		{
			"name": "signin",
			"event": [
				{
					"listen": "test",
					"script": {
						"exec": [
							"var login = pm.response.json();\r",
							"var user = login.accessToken\r",
							"\r",
							"pm.environment.set(\"user\",user);\r",
							"\r",
							"\r",
							"pm.test(\"Login Successfully\", function () {\r",
							"    pm.response.to.have.status(200);\r",
							"});\r",
							"\r",
							"pm.test(\"Response time is less than 500ms\", function () {\r",
							"    pm.expect(pm.response.responseTime).to.be.below(1000);\r",
							"});"
						],
						"type": "text/javascript"
					}
				}
			],
			"request": {
				"method": "POST",
				"header": [],
				"body": {
					"mode": "raw",
					"raw": "{\r\n  \"email\": \"esraakhalaf1@gmail.com\",\r\n  \"password\": \"Password1\"\r\n}",
					"options": {
						"raw": {
							"language": "json"
						}
					}
				},
				"url": {
					"raw": "{{url}}/signin",
					"host": [
						"{{url}}"
					],
					"path": [
						"signin"
					]
				}
			},
			"response": []
		},
		{
			"name": "get books",
			"event": [
				{
					"listen": "test",
					"script": {
						"exec": [
							"pm.test(\"Get books succeed\", function () {\r",
							"    pm.response.to.have.status(200);\r",
							"});"
						],
						"type": "text/javascript"
					}
				}
			],
			"protocolProfileBehavior": {
				"disableBodyPruning": true
			},
			"request": {
				"method": "GET",
				"header": [],
				"body": {
					"mode": "raw",
					"raw": ""
				},
				"url": {
					"raw": "{{url}}/Books",
					"host": [
						"{{url}}"
					],
					"path": [
						"Books"
					]
				}
			},
			"response": []
		},
		{
			"name": "post book",
			"event": [
				{
					"listen": "test",
					"script": {
						"exec": [
							"\r",
							"pm.test(\"Add new book is done\", function () {\r",
							"    pm.expect(pm.response.code).to.be.oneOf([201, 202]);\r",
							"});\r",
							"\r",
							"pm.test(\"Response time is less than 500ms\", function () {\r",
							"    pm.expect(pm.response.responseTime).to.be.below(500);\r",
							"});\r",
							"\r",
							""
						],
						"type": "text/javascript"
					}
				}
			],
			"request": {
				"auth": {
					"type": "bearer",
					"bearer": [
						{
							"key": "token",
							"value": "{{user}}",
							"type": "string"
						}
					]
				},
				"method": "POST",
				"header": [],
				"body": {
					"mode": "raw",
					"raw": "{\r\n      \"Title\": \"The Notebook\",\r\n      \"Author\": \"Nicholas Sparks\"\r\n}",
					"options": {
						"raw": {
							"language": "json"
						}
					}
				},
				"url": {
					"raw": "{{url}}/660/Books",
					"host": [
						"{{url}}"
					],
					"path": [
						"660",
						"Books"
					]
				}
			},
			"response": []
		},
		{
			"name": "Get books with out authorization Books",
			"event": [
				{
					"listen": "test",
					"script": {
						"exec": [
							"pm.test(\"Get book with out authorization succeed\", function () {\r",
							"    pm.response.to.have.status(200);\r",
							"});\r",
							"\r",
							"\r",
							"\r",
							"pm.test(\"Check if the response containa Han Kang\", function () {\r",
							"    pm.expect(pm.response.text()).to.include(\"Han Kang\");\r",
							"});\r",
							"\r",
							"\r",
							"\r",
							"\r",
							"\r",
							"\r",
							"\r",
							"\r",
							""
						],
						"type": "text/javascript"
					}
				}
			],
			"request": {
				"method": "GET",
				"header": [],
				"url": {
					"raw": "{{url}}/Books",
					"host": [
						"{{url}}"
					],
					"path": [
						"Books"
					]
				}
			},
			"response": []
		},
		{
			"name": "Get book1 failed",
			"event": [
				{
					"listen": "test",
					"script": {
						"exec": [
							"pm.test(\"Can't get book1\", function () {\r",
							"    pm.response.to.have.status(401);\r",
							"});\r",
							"\r",
							"\r",
							"pm.test(\"Response time is less than 200ms\", function () {\r",
							"    pm.expect(pm.response.responseTime).to.be.below(200);\r",
							"});\r",
							"\r",
							""
						],
						"type": "text/javascript"
					}
				}
			],
			"request": {
				"method": "GET",
				"header": [],
				"url": {
					"raw": "{{url}}/660/Books/1",
					"host": [
						"{{url}}"
					],
					"path": [
						"660",
						"Books",
						"1"
					]
				}
			},
			"response": []
		},
		{
			"name": "Get Secured book 1",
			"event": [
				{
					"listen": "test",
					"script": {
						"exec": [
							"pm.test(\"Get book 1 successfully\", function () {\r",
							"    pm.response.to.have.status(200);\r",
							"});\r",
							"\r",
							"\r",
							"pm.test(\"Response time is less than 500ms\", function () {\r",
							"    pm.expect(pm.response.responseTime).to.be.below(500);\r",
							"});\r",
							"\r",
							"pm.test(\"Book 1 is Our Souls Night\", function () {\r",
							"    var jsonData = pm.response.json();\r",
							"    pm.expect(jsonData.Title).to.eql(\"Our Souls Night\");\r",
							"});\r",
							"\r",
							"\r",
							"\r",
							"\r",
							"\r",
							"\r",
							"\r",
							""
						],
						"type": "text/javascript"
					}
				}
			],
			"request": {
				"auth": {
					"type": "bearer",
					"bearer": [
						{
							"key": "token",
							"value": "{{user}}",
							"type": "string"
						}
					]
				},
				"method": "GET",
				"header": [],
				"url": {
					"raw": "{{url}}/660/Books/1",
					"host": [
						"{{url}}"
					],
					"path": [
						"660",
						"Books",
						"1"
					]
				}
			},
			"response": []
		},
		{
			"name": "Set Environment ID ",
			"event": [
				{
					"listen": "test",
					"script": {
						"exec": [
							"var jsonfile = pm.response.json()\r",
							"var BookID = jsonfile.id\r",
							"\r",
							"pm.environment.set(\"ID\", BookID);\r",
							"\r",
							"pm.test(\"Set ID in environment done\", function () {\r",
							"    pm.response.to.have.status(201);\r",
							"});"
						],
						"type": "text/javascript"
					}
				}
			],
			"request": {
				"method": "POST",
				"header": [],
				"body": {
					"mode": "raw",
					"raw": " { \r\n     \"Title\": \"Our Souls at Night\",\r\n      \"Author\": \"Kent Haruf\"\r\n}",
					"options": {
						"raw": {
							"language": "json"
						}
					}
				},
				"url": {
					"raw": "{{url}}/Books",
					"host": [
						"{{url}}"
					],
					"path": [
						"Books"
					]
				}
			},
			"response": []
		},
		{
			"name": "Get book using environment",
			"event": [
				{
					"listen": "test",
					"script": {
						"exec": [
							"\r",
							"pm.test(\"Get book succeed using environment\", function () {\r",
							"    pm.response.to.have.status(200);\r",
							"});"
						],
						"type": "text/javascript"
					}
				}
			],
			"request": {
				"method": "GET",
				"header": [],
				"url": {
					"raw": "{{url}}/Books/{{ID}}",
					"host": [
						"{{url}}"
					],
					"path": [
						"Books",
						"{{ID}}"
					]
				}
			},
			"response": []
		},
		{
			"name": "change secured book with token",
			"event": [
				{
					"listen": "test",
					"script": {
						"exec": [
							"pm.test(\"Change successfully\", function () {\r",
							"    pm.response.to.have.status(200);\r",
							"});\r",
							"\r",
							"pm.test(\"Response time is less than 200ms\", function () {\r",
							"    pm.expect(pm.response.responseTime).to.be.below(200);\r",
							"});\r",
							"\r",
							""
						],
						"type": "text/javascript"
					}
				}
			],
			"request": {
				"auth": {
					"type": "bearer",
					"bearer": [
						{
							"key": "token",
							"value": "{{user}}",
							"type": "string"
						}
					]
				},
				"method": "PUT",
				"header": [],
				"body": {
					"mode": "raw",
					"raw": "{\r\n      \"Title\": \" Uncommon\",\r\n      \"Author\": \"Alan Bennett\",\r\n      \"id\": 3\r\n    }",
					"options": {
						"raw": {
							"language": "json"
						}
					}
				},
				"url": {
					"raw": "{{url}}/660/Books/3",
					"host": [
						"{{url}}"
					],
					"path": [
						"660",
						"Books",
						"3"
					]
				}
			},
			"response": []
		},
		{
			"name": "delete book 40",
			"event": [
				{
					"listen": "test",
					"script": {
						"exec": [
							"pm.test(\"Delete book 39 is done\", function () {\r",
							"    pm.response.to.have.status(200);\r",
							"});\r",
							"\r",
							"pm.test(\"Response time is less than 500ms\", function () {\r",
							"    pm.expect(pm.response.responseTime).to.be.below(500);\r",
							"});"
						],
						"type": "text/javascript"
					}
				}
			],
			"request": {
				"auth": {
					"type": "bearer",
					"bearer": [
						{
							"key": "token",
							"value": "{{user}}",
							"type": "string"
						}
					]
				},
				"method": "DELETE",
				"header": [],
				"url": {
					"raw": "{{url}}/660/Books/41",
					"host": [
						"{{url}}"
					],
					"path": [
						"660",
						"Books",
						"41"
					]
				}
			},
			"response": []
		},
		{
			"name": "get book 40 after delete",
			"event": [
				{
					"listen": "test",
					"script": {
						"exec": [
							"pm.test(\"Book 39 not found\", function () {\r",
							"    pm.response.to.have.status(404);\r",
							"});"
						],
						"type": "text/javascript"
					}
				}
			],
			"request": {
				"auth": {
					"type": "bearer",
					"bearer": [
						{
							"key": "token",
							"value": "{{user}}",
							"type": "string"
						}
					]
				},
				"method": "GET",
				"header": [],
				"url": {
					"raw": "{{url}}/660/Books/41",
					"host": [
						"{{url}}"
					],
					"path": [
						"660",
						"Books",
						"41"
					]
				}
			},
			"response": []
		},
		{
			"name": "get books using mock server",
			"event": [
				{
					"listen": "test",
					"script": {
						"exec": [
							"pm.test(\"Getting books using Mock server succeed\", function () {\r",
							"    pm.response.to.have.status(200);\r",
							"});"
						],
						"type": "text/javascript"
					}
				}
			],
			"request": {
				"method": "GET",
				"header": [],
				"url": {
					"raw": "{{url}}",
					"host": [
						"{{url}}"
					]
				}
			},
			"response": []
		}
	],
	"variable": [
		{
			"key": "url",
			"value": "https://67e4beba-7061-4679-860e-0f25cba085ef.mock.pstmn.io"
		}
	]
}