{
	"id": "f764646b-908b-4875-98a0-4188787e0d5c",
	"name": "locally",
	"values": [
		{
			"key": "url",
			"value": "localhost:3000",
			"type": "default",
			"enabled": true
		},
		{
			"key": "book",
			"value": "",
			"type": "any",
			"enabled": true
		},
		{
			"key": "token",
			"value": "",
			"type": "any",
			"enabled": true
		},
		{
			"key": "ID",
			"value": "",
			"type": "any",
			"enabled": true
		},
		{
			"key": "user",
			"value": "",
			"type": "any",
			"enabled": true
		}
	],
	"_postman_variable_scope": "environment",
	"_postman_exported_at": "2022-11-18T18:21:09.562Z",
	"_postman_exported_using": "Postman/10.2.3"
}