{
  "Books": [
    {
      "Title": "Our Souls Night",
      "Author": "Kent Haruf",
      "id": 1
    },
    {
      "Id": 2,
      "Title": "Our Souls at Night",
      "Author": "Kent Haruf"
    },
    {
      "Title": " Uncommon",
      "Author": "Alan Bennett",
      "id": 3
    },
    {
      "id": 4,
      "Title": "Every Heart a Doorway",
      "Author": "Seanan McGuire"
    },
    {
      "id": 5,
      "Title": "Absent In Spring ",
      "Author": "Agatha Christie"
    },
    {
      "Title": "The Vegetarian",
      "Author": "Han Kang",
      "id": 6
    },
    {
      "Title": "Our Souls at Night",
      "Author": "Kent Haruf",
      "id": 8
    },
    {
      "Title": "The Notebook",
      "Author": "Nicholas Sparks",
      "id": 9
    },
    {
      "Title": "Our Souls at Night",
      "Author": "Kent Haruf",
      "id": 10
    },
    {
      "Title": "The Notebook",
      "Author": "Nicholas Sparks",
      "id": 11
    },
    {
      "Title": "Our Souls at Night",
      "Author": "Kent Haruf",
      "id": 12
    },
    {
      "Title": "The Notebook",
      "Author": "Nicholas Sparks",
      "id": 15
    },
    {
      "Title": "Our Souls at Night",
      "Author": "Kent Haruf",
      "id": 16
    },
    {
      "Title": "The Notebook",
      "Author": "Nicholas Sparks",
      "id": 17
    },
    {
      "Title": "Our Souls at Night",
      "Author": "Kent Haruf",
      "id": 18
    },
    {
      "Title": "The Notebook",
      "Author": "Nicholas Sparks",
      "id": 19
    },
    {
      "Title": "Our Souls at Night",
      "Author": "Kent Haruf",
      "id": 20
    },
    {
      "Title": "The Notebook",
      "Author": "Nicholas Sparks",
      "id": 23
    },
    {
      "Title": "Our Souls at Night",
      "Author": "Kent Haruf",
      "id": 24
    },
    {
      "Title": "The Notebook",
      "Author": "Nicholas Sparks",
      "id": 25
    },
    {
      "Title": "Our Souls at Night",
      "Author": "Kent Haruf",
      "id": 26
    },
    {
      "Title": "The Notebook",
      "Author": "Nicholas Sparks",
      "id": 27
    },
    {
      "Title": "Our Souls at Night",
      "Author": "Kent Haruf",
      "id": 28
    },
    {
      "Title": "Our Souls at Night",
      "Author": "Kent Haruf",
      "id": 31
    },
    {
      "Title": "The Notebook",
      "Author": "Nicholas Sparks",
      "id": 32
    },
    {
      "Title": "Our Souls at Night",
      "Author": "Kent Haruf",
      "id": 33
    },
    {
      "Title": "The Notebook",
      "Author": "Nicholas Sparks",
      "id": 34
    },
    {
      "Title": "Our Souls at Night",
      "Author": "Kent Haruf",
      "id": 35
    },
    {
      "Title": "The Notebook",
      "Author": "Nicholas Sparks",
      "id": 36
    },
    {
      "Title": "Our Souls at Night",
      "Author": "Kent Haruf",
      "id": 38
    },
    {
      "Title": "The Notebook",
      "Author": "Nicholas Sparks",
      "id": 39
    },
    {
      "Title": "Our Souls at Night",
      "Author": "Kent Haruf",
      "id": 42
    },
    {
      "Title": "The Notebook",
      "Author": "Nicholas Sparks",
      "id": 43
    },
    {
      "Title": "Our Souls at Night",
      "Author": "Kent Haruf",
      "id": 44
    }
  ],
  "users": [
    {
      "email": "esraakhalaf1@gmail.com",
      "password": "$2a$10$cE7wFeqeNwUNk/bx2PtsQumdw29Cr8kC90s49b6iw8ef.8We3zC0q",
      "id": 1
    },
    {
      "email": "esraakhalaf@gmail.com",
      "password": "$2a$10$rIMn6wmYfGwR76.v6GUPKuBj2wGhgLyluG6BnQ8ZtOIK7mUZg/fKm",
      "id": 2
    },
    {
      "email": "esraakhalaf3@gmail.com",
      "password": "$2a$10$LFVn0y55YME9hdPllu4j6exU919JwOrFMGaxTGyCqrfAaCRtl2B12",
      "id": 3
    },
    {
      "email": "esraakhalaf4@gmail.com",
      "password": "$2a$10$5ehx0UNVFfXD3mzy.zgChuGa4f9kGUtM9xfHV7LBJOsji4TlOdZre",
      "id": 4
    }
  ]
}